 ,20230601,20230602,20230603,20230604,20230605,20230606,20230607,20230608,20230609,20230610,
zhuandayup.cn,1,0,0,3,0,11,2,0,0,0,
xaxzhep.com,5,1,0,2,0,2,2,0,15,4,
dzzpgs.cn,12,2,0,934,0,23,972,1,1,3,
deyubao.com,192,201,203,197,185,217,215,198,200,162,
whslsz.cn,1,0,1,2,0,0,0,37,2,1,
zainan.com.cn,0,0,0,0,0,0,0,0,0,1,
yumijy.cn,5,1,0,2,0,0,2,0,0,0,
woqichuxing.cn,230,222,163,158,182,219,250,303,276,192,
leu17.com,10,8,13,4,15,10,9,3,2,2,
aaak.top,6,3,2,1,7,11,9,9,7,8,
cxkh.net,960,5,10,888,6,7,12,17,968,26,
ylwhy.org,3,1,2,2,3,0,3,3,1,4,
ynjinlong.cn,3,1,1,2,2,1,1,0,0,1,
zhimei168.top,7,7,0,0,1,1,0,984,9,14,
gzkedayiqi.com,0,0,4,0,2,0,1,0,0,1,
bfdbt.net.cn,0,3,0,0,0,0,0,0,0,0,
260cloud.com,20,36,8,4,21,28,11,29,33,27,
8n3nqq1.buzz,16,63,40,13,6,19,20,6,4,0,
dlunitedmining.com,37,16,19,7,24,957,13,7,1944,29,
dafuzhijia.com.cn,6,0,0,0,2,0,0,0,0,0,
hanshangz.com,15,943,4,936,13,6,938,1414,1441,1028,
pangaofeng.top,4,1,2,6,0,2,2,2,13,3,
ssjr66.cn,4,0,0,0,0,2,0,11,0,1,
atauscn.cn,3,1,2,4,2,2,2,1,2,2,
szwekq.com,1,0,0,947,0,0,1,0,0,2,
mczj.com.cn,86,90,84,93,64,62,75,89,81,67,
xn--1rwm9b515f.cn,1,0,1,0,2,3,2,4,2,2,
xn--pbt333iujj.cn,1,0,0,0,1,0,0,0,1,1,
haechi.top,4,0,4,2,0,3,9,1,1,0,
huadiled.com.cn,19,13,11,3,5,3,6,15,8,7,
shssj.net,4,3,1,3,7,12,5,7,2,3,
zgbaohong.com,30,31,9,8,10,57,9,23,30,18,
wangqing15.top,4,0,0,2,0,0,19,0,1,0,
hxinyun.cn,13,1,2,1,18,2,967,1379,1432,1036,
jindouzi123.com,25,21,8,5,10,7,7,7,4,3,
szgasx.cn,11,1,7,0,1,3,3,18,2,2,
reg30.cn,6,1,0,0,0,0,0,2,0,0,
yunhehd.com,21,6,1,1,11,4,8,24,11,3,
69nq.cn,4,1,1,14,0,0,0,0,1,0,
blasoul.com,35,40,37,10,33,32,1038,1308,1465,1058,
hjgkfl.cn,0,0,0,4,0,0,1,0,0,1,
shandonghuiyang.com,9,302,0,6,9,20,279,12,222,6,
caowensong.top,2,7,6,2,3,0,7,3,2024,3,
jsnjdz.com,23,35,17,1,8,2,16,12,42,17,
5mkskww.buzz,0,7,0,0,17,0,2,5,3,0,
enjoyvision.cn,9,929,1,2,8,16,7,5,988,12,
louisonwoodworks.com,0,0,1,0,0,0,0,2,0,0,
wztqq.cn,8,0,1,0,1,1,0,1,0,1,
hospitalkowloon.com,4,1,4,14,2,4,22,2,5,5,
xmnk.cn,57,72,18,27,1012,74,66,48,152,93,
0t7lpgklny.xyz,1,0,0,2,0,0,0,0,4,0,
lixiangsui.cn,1,0,0,0,0,0,0,1,0,0,
ai6lc6zblm.xyz,3,5,3,0,1,0,0,4,5,1,
uz39.com,0,0,2,0,0,0,1,3,0,0,
fwba3x.cn,0,0,0,0,0,0,0,0,0,0,
danzhoumutangpingxin.cn,0,2,0,1,0,0,0,1,1,1,
mbpckbp.cn,2,4,2,1,0,0,0,5,2,0,
kyun.cn,135,401,216,179,165,1090,129,1000,102,160,
82028.com.cn,1,7,0,0,69,1,0,1,0,0,
hnmjwlkj.cn,9,2,1,0,1,0,0,18,1,3,
verov.top,11,28,18,8,2,0,0,0,1,4,
cubbmks.cn,0,3,0,1,1,0,0,0,0,0,
mmwhh.top,0,2,0,2,4,4,0,2,2,3,
dczkw.cn,5,0,0,0,1,1,2,1,0,6,
jsl6.top,0,2,0,3,1,956,0,1,1,18,
chengjgy.cn,9,4,12,2,0,1,3,1,0,1,
qgltv.top,2,1,1,2,2,0,1,0,1,0,
tour-market.cn,26,1,4,0,10,0,0,5,0,1,
shandongjinke.top,0,0,1,0,0,1,2,0,0,0,
violintown.cn,1,1,0,1,0,0,0,0,6,0,
shanxiangyhq.top,1,3,5,6,1,1,2,1,3,2,
hnjcps.com,62,1003,45,8,49,33,19,34,14,6,
yunbokongjian.top,2,0,911,3,1,0,4,2,0,30,
bailianwei.top,0,933,0,0,917,1,0,1,0,1,
wxhsc.cn,4,3,927,2,11,7,7,8,36,944,
jzltzfw.com,3,2,0,8,1,2,12,136,994,6,
xinshiwuyou.cn,3,4,2,2,2,3,1,0,2,2,
ylt58.cn,1,0,1,1,0,2,0,0,1,10,
zcbgfsh.cn,1,1,3,1,1,0,2,2,0,3,
evogcckc1s.xyz,2,5,0,0,0,0,0,0,0,1,
zzwjbjfw.cn,0,2,1,0,1,0,1,1,6,1,
shanleishiye.com,7148,6096,6020,6332,6420,6528,6393,6353,6798,7869,
sdcyyc.com,89,35,21,21,17,19,8,18,27,9,
xiaobiesan.top,0,0,0,0,0,0,0,0,0,1,
7yzah.cn,9,3,0,5,2,3,4,2,2,0,
xingjitang.com.cn,11,0,3,0,0,1,1,21,0,0,
bxgxcl.cn,11,7,10,18,26,36,37,36,47,54,
wushengkai.top,0,3,1,0,0,0,1,0,12,1,
jpjboke.top,21,9,1,2,3,8,1,0,3,0,
xn--ekrq5w1jh.cn,0,0,0,4,2,2,0,1,2,1,
xinyunde.cn,5,0,0,0,0,0,0,1,0,1,
xuejiejiaoyu.cn,9,2,1,0,0,0,1,2,0,1,
sslst.top,48,42,74,39,26,59,65,34,53,54,
fsyun.top,0,0,4,1,0,0,5,0,1,0,
upvcu.com,245,309,209,222,154,81,119,52,49,25,
jcjxjzg.cn,4,0,0,4,0,0,1,0,0,0,
qchen-qc.com,4,0,1,0,1,14,8,10,8,8,
nt23n.cn,5,9,5,4,2,48,3,0,1,2,
hhs0906.top,10,3,2,3,0,4,3,3,6,2,
hzfangji.com,391,463,564,508,277,375,278,257,314,423,
zhjunjia.cn,5,0,1,1,24,16,21,5,18,9,
feixianw.com,148,125,49,70,75,113,77,53,57,78,
xylol.top,4,2,1,0,1,1,1964,2,22,1955,
szhzjz.com,0,0,1,3,0,0,4,0,0,3,
yvi6pd.cn,1,0,0,0,0,0,0,0,0,0,
casray.club,0,1,0,0,0,2,2,1,1,0,
zugehao.cc,1,2,4,2,1,1,1,7,0,1,
qlcwxrx.cn,12,8,14,15,11,13,26,35,28,0,
unsuq.com,4,0,1,0,0,0,1,0,0,0,
aceedu.net.cn,0,2,0,0,0,0,0,1,0,4,
kmbviak.cn,2,1,0,0,0,0,0,0,0,0,
vepx.cn,0,3,0,0,1,1,1,1,5,4,
ufaljip.cn,6,6,3,2,2,0,1,1,0,0,
lzminbai.com.cn,32,44,67,51,32,58,918,1307,1489,1043,
action2017.top,8,4,960,2,933,2,7,0,9,31,
youranplus.cn,2,1,1,1,1,1,3,1,4,1,
xn--p5tw4lnuf.cn,0,0,0,0,0,0,0,0,0,2,
sqlt.cn,1,1,1,0,2,1,1,0,0,0,
baoshcn.com,39,938,3,0,4,14,904,1320,1440,1148,
daishuzhuanqian.cn,16,8,2,1,0,0,0,0,0,19,
shidu168.com,160,106,209,199,131,70,87,63,80,107,
mazhuangxinge.top,0,0,0,0,2,0,1,0,0,6,
jinguyuan.com.cn,40,116,21,38,38,34,933,2256,1479,1215,
yizhaobiao.net,14,51,13,18,965,56,1059,10,979,4,
qp84.top,1,2,0,1,0,0,0,3,0,0,
yangkaihong.cn,0,2,0,0,0,0,0,0,0,1,
wztcb.cn,5,2,0,1,1,0,0,0,0,0,
gl3vopc4kv.xyz,0,4,0,0,0,0,0,0,0,0,
foremostgroup.com,1066,82,975,19,39,65,1080,1357,1671,1183,
mbme.cn,432,437,444,1476,497,515,2281,1702,2946,1710,
lzlongjiang.cn,3,0,1,0,1,0,0,0,1,2,
ymlmtaz.cn,2,5,0,0,0,0,0,0,0,0,
youlianjiaoyi.cn,1,0,0,0,0,2,0,0,0,0,
rhdur61.top,0,1,1,3,10,0,0,0,3,0,
aad9.cn,1,1,1,1,0,0,1,0,0,0,
zgzszq.com,3,0,5,3,0,2,5,3,3,0,
xn--qrq020a6tn9oi.cn,3,0,0,1,0,1,0,6,0,1,
cdbzx.top,2,0,1,5,0,0,0,1,0,0,
ismile.org.cn,0,1,1,0,0,1,26,0,0,3,
locnbtz.cn,0,3,4,0,4,3,4,0,4,6,
m7cewh.cn,0,1,1,5,2,0,2,11,1,0,
yaohong88.cn,1,3,1,2,0,0,0,2,0,0,
ls64.cn,14,3,3,3,4,4,5,8,3,2,
nhmspkmhg4.xyz,1,12,0,0,0,0,0,0,0,1,
zgzsmhw.cn,0,1,1,1,1,1,1,13,3,1,
rimou.top,59,192,92,78,234,326,186,160,25,9,
jszkfy.cn,6,1,0,0,0,0,4,0,0,1,
kaibanle.cn,2,3,8,7,13,8,1,0,2,0,
njjdkt.com,2,1,1,7,0,1,0,0,976,2,
hfsibokeji.com,1,12,23,45,2,1072,1070,7,18,2,
shangzhongxia.cn,4,3,6,6,5,3,3,2,3,1,
theskateboardschool.com,0,0,0,0,0,0,0,0,0,0,
xn--qiv838a.cc,0,0,0,0,1,2,0,0,0,0,
daybuday1.top,10,3,0,1,0,1,1,1,1,0,
lhjtea.com,3,957,1,965,11,11,938,1289,2392,1021,
ywj1314.top,0,937,1,910,0,3,965,13,12,2,
xkgcs.cn,1,0,0,0,0,0,0,0,0,0,
you100.top,0,0,0,1,0,0,0,0,0,1,
nachanghefengjiazheng.cn,4,2,3,0,2,0,1,1,1,0,
ychat01.win,9,2,0,2,1,1,2,2,0,1,
dogbk.com,3,5,3,1,2,2,0,0,0,1,
yingangxinxizixun.cn,6,1,3,1,4,1,1,0,0,1,
safebag.org.cn,0,1,0,1,1,0,0,0,0,1,
ketwy4s5sr.xyz,0,0,0,0,0,0,1,0,1,0,
jkhxdc.com,12,9,3,2,5,4,0,3,4,1,
szsyhs.cn,42,34,18,6,26,23,24,43,71,35,
vis-nicety.cn,32,49,21,4,17,29,18,12,9,16,
anhuika.top,6,3,5,3,5,6,0,1,5,9,
yqhsdcar.cn,3,4,3,3,3,5,8,3,1,3,
arconobile.com,0,0,0,0,0,0,0,2,0,0,
wuhantu.top,1,0,0,946,0,1,4,1,0,0,
haoyangsoft.com,4,14,5,16,11,10,940,1327,1416,1048,
miyou1688.com,0,3,0,1,3,0,0,0,2,10,
buysms.cn,35,34,22,46,12,35,53,28,63,70,
shqianlx.com,1,3,2,27,968,7,35,932,2,928,
hair-welfare.top,12,6,25,18,10,4,15,22,7,60,
baoqih2.cn,0,0,0,0,1,5,1,11,3,0,
jhsw2014.cn,160,82,61,125,144,215,169,47,58,49,
zsmkswkj.com,0,0,0,3,0,0,0,0,0,0,
dltwo.top,0,3,5,3,0,0,0,2,0,0,
hwj123.net,497,265,234,238,227,220,303,229,244,400,
ewwlzuz.cn,4,7,2,2,0,0,0,0,0,0,
gdzshr.com,16,979,5,13,15,14,946,1309,2460,1012,
greenforesight.cn,6,0,3,1,7,3,4,6,7,6,
wmzhe.com,22120,23057,17908,19558,20901,24057,25161,26096,25100,23021,
9dfgn.cn,0,0,2,0,2,0,0,1,1,0,
jsswj.org.cn,22,7,11,12,36,8,16,13,13,3,
firepointsoft.com.cn,0,0,0,2,10,3,1,5,7,0,
szcwjs.com,6,0,0,5,3,0,7,9,10,14,
hfcgfc.com,2,3,7,3,3,0,16,7,18,14,
vv0l4cojdp.xyz,0,0,0,0,0,0,0,0,2,1,
czyxs.cn,2,6,2,1,1,2,2,1,1,105,
wofodao.com,39,9,10,30,23,33,18,28,8,46,
hkiwc.top,3,0,0,0,0,0,1,2,0,0,
zhenggang.net.cn,19,19,39,33,50,994,229,271,1065,176,
gzluyuan.com,972,17,16,7,17,10,9,11,291,33,
zhdwg.top,8,4,10,2,2,4,4,1,5,5,
voii.top,0,0,0,0,1,1,4,3,3,3,
afjrnol.cn,0,0,0,0,0,1,0,0,0,0,
ak561.cn,2,14,2,9,5,2,7,4,0,0,
tuojie.top,17,18,27,29,16,17,11,14,17,18,
dijmjke.cn,1,7,8,9,3,3,4,6,4,13,
tengneng.cn,0,0,0,0,0,0,0,0,0,0,
jiaoyimao21.buzz,4,0,4,0,2,10,0,2,2,0,
6ss.top,63,49,36,61,6,37,81,26,42,59,
huyundun.com,1005,35,21,17,942,959,52,31,54,12,
szlbjc.com,14,2,16,4,12,6,6,1,65,4,
baisongshangjie.cn,2,0,0,0,0,0,0,0,0,0,
incyxwu.cn,0,4,0,0,2,2,1,0,0,0,
goivrdp.cn,4,6,1,2,6,0,0,2,0,0,
beeed.cn,77,86,31,7,58,71,47,58,40,40,
chenyunxin.cn,19,6,7,12,25,20,44,56,59,56,
nbhsjdz.com,5,974,2,2,12,3,6,7,3,4,
ahyyzn.com,82,37,18,13,1004,30,1035,40,25,975,
cardiffkabel.com.cn,0,0,0,0,0,0,3,1,2,1,
tuxugn.com,0,0,0,0,0,0,0,0,1,0,
jxlfqc.com,8,11,7,8,13,22,305,20,10,540,
aivxxt.com,1,1,0,3,0,0,1,2,0,1,
ledartek.cn,6,8,0,7,1,5,1,2,1,4,
neif.cn,23,11,4,0,2,1,0,1,0,11,
tdzv.cn,0,0,2,1,0,1,0,2,0,0,
ziemnmj.cn,1,0,0,0,0,0,0,1,0,0,
xiulie.top,1557,1256,955,991,791,1127,5139,1098,1802,2003,
yuandaotax.com,1,0,6,59,13,43,21,30,42,51,
ly-jddz.cn,3,6,4,931,4,5,985,28,2,23,
huazhiqinfs.cn,8,0,0,1,0,0,0,0,1,0,
xn--44qr78f93b.cn,0,1,1,2,0,1,0,0,0,1,
77mz.cn,1,1,0,0,1,0,1,0,5,0,
fatech.online,5,4,6,1,1,1,8,4,4,1,
87x6eod.buzz,0,0,0,7,0,6,0,0,6,2,
kechenyyp.cn,17,0,1,0,5,1,10,7,6,9,
changhesteel.cn,3,3,0,1,3,3,4,4,5,23,
qq9kiwsl9o.xyz,1,6,0,0,0,0,0,0,0,0,
phmxa5j8jf.xyz,4,6,0,1,0,2,0,1,0,0,
wvpxyhc.cn,0,0,0,0,0,0,0,0,0,0,
hycapoj.cn,0,0,0,2,0,0,5,2,1,0,
wdbjz.cn,4,1,0,3,0,2,1,0,0,0,
huihanzi.com,1,0,0,3,0,1,0,11,4,0,
sbzyccj.com,0,0,0,0,3,0,0,0,0,0,
szstai.com,24,51,56,56,30,89,1364,3097,2598,1141,
sdpjmedia.cn,4,3,3,2,1,4,1,1,1,3,
fkxjk.top,6,16,5,1,9,2,3,12,2,3,
tjwzly.com,6,30,2,2,0,2,4,1,2,27,
sqwjj.top,7,2,953,2,5,1,1050,0,0,6,
wykl.top,8,14,9,10,12,6,5,4,5,28,
frpjc.cn,2,4,2,3,8,2,7,2,4,11,
xiaonuomi.com.cn,4,0,0,1,0,0,13,10,1,0,
hcyuee.top,7,0,0,33,2,8,11,8,10,12,
aifenxiang88.top,1,13,7,11,2,2,3,2,6,1,
blwdkhj.cn,161,108,94,155,152,129,118,75,78,82,
fjchenfu.com,6,4,4,3,1,3,2,5,5,9,
hhllmc.top,6,948,0,974,2,981,982,4,3,4,
xn--iiqpw446m.cn,0,1,0,1,0,0,1,0,0,0,
xyfzmy.com,4,5,3,2,1,3,3,933,1,977,
kingdeepy.com,8,6,7,3,11,7,1,4,2,5,
zhihuiyunying.cn,3,0,0,2,0,1,3,0,8,0,
helencn.com,1114,2631,3864,7078,2472,3606,2543,6162,5379,3663,
becstar.cn,1,8,3,0,1,18,16,0,1,4,
rto4mimdby.xyz,0,0,0,0,0,0,0,0,0,0,
hlehuo.com,8,7,28,7,14,9,21,2,8,21,
qfjfcty1.cn,0,0,1,0,0,0,4,0,0,0,
sixclouds.cn,3,1,4,2,2,1,2,3,1002,5,
imaofg.top,0,2,0,0,2,0,0,0,0,0,
hfxfrfdt.cn,3,0,0,0,1,0,0,0,2,1,
xlwsdp.cn,20,0,0,0,0,0,0,1,4,3,
hlvdhse.cn,2,5,7,1,2,2,0,3,0,0,
fhyhy.com,4,10,7,34,8,10,7,7,6,40,
ymcvolt.cn,11,12,3,2,0,0,0,0,0,3,
tppuvhh0ix.xyz,0,0,0,0,0,0,0,0,1,0,
gxpqmgc.cn,0,0,0,0,0,0,0,0,1,0,
gpufix.top,0,1,0,0,0,0,0,1,2,0,
a3v7m2m.top,20,29,7,22,4,28,45,56,27,52,
buz23qb5.cn,1,0,0,0,0,0,0,0,0,0,
rifonda.cn,0,1,3,0,0,0,0,0,1,32,
mjjx168.com,26,5,4,2,4,7,0,1,6,5,
zcgyjx.com,1882,1737,1445,1338,1358,1593,1370,1240,1248,1514,
huaqigj.cn,8,1,7,0,1,0,0,0,0,1,
jswuye.com.cn,0,0,0,1,2,0,3,6,3,2,
castlewood.com.cn,2,1,0,0,2,0,6,2,1,7,
chinacowb.com,2,11,3,5,4,8,5,10,9,47,
yxshhb.com.cn,0,1,0,1,0,3,0,4,1,0,
4006wosign.com,0,0,1,0,0,0,1,0,0,1,
mxyxpx.com,3,2,3,0,4,1,5,1,2,2,
bjsongzhuang.com.cn,46,26,13,33,21,50,655,48,49,38,
huanhaoinc.com,0,0,0,0,2,0,0,0,0,0,
cicycat.com,1,5,1,4,1,7,6,9,3,35,
sh-jiejin.com.cn,2,4,0,0,1,0,0,0,0,3,
ovemlqt.cn,0,0,0,0,0,15,7,10,2,2,
huahaiweb.com,8,22,18,12,25,16,31,16,24,9,
sdsqzn.com,38,10,7,13,17,9,957,1330,1420,1039,
intspire.net,5,10,5,949,3,967,935,1285,2523,1021,
tuhaowang.cn,0,4,6,1,12,1,10,8,63,2,
sky58.cn,2,2,0,1,0,2,1,1,6,0,
zzjdi.top,3,1,1,0,2,6,3,1,2,2,
amberfans.com.cn,0,2,0,3,0,0,0,0,0,0,
yytgj.top,68,87,90,72,67,31,9,16,34,62,
zajy.com.cn,4,12,11,14,11,1,2,1,2,11,
krbova-kamna-krby.com,2,4,1,2,0,0,0,1,1,4,
grand-millennium.cn,0,1,1,0,2,1,0,1,0,1,
hee0pfl8w4.xyz,1,6,1,0,0,0,0,0,2,3,
9pmskzn.buzz,0,0,0,0,0,0,0,3,0,0,
cbgbxyxzx.cn,0,0,2,3,1,1,0,1,3,1,
acregulator.com.cn,0,0,1,0,0,0,0,0,0,0,
hdqb267.cn,4,1,0,0,0,0,1,1,0,0,
kukaestrategia.com,0,1,0,1,0,0,0,1,2,0,
ppneea.cn,0,2,0,0,0,0,0,0,0,0,
qiyu1018.top,1,0,3,0,0,0,1,1,0,3,
riurl.cn,0,1,4,1,0,6,0,3,0,0,
haokao123.com,7875,7268,4538,5063,6645,8047,7731,6806,7948,4325,
btstbj.com,8,2,11,12,11,6,12,31,6,96,
91gwy.net,93,51,39,38,28,19,17,18,33,40,
dnovos.com,0,4,3,995,0,31,18,26,10,8,
maxiaoliang.top,3,3,2,0,30,37,3,1,3,0,
oexlsua.cn,2,34,0,0,0,1,2,0,0,0,
youxigujia.com,0,1,0,1,1,0,5,0,0,1,
sinocrownsd.cn,0,7,1,1,4,3,5,2,0,0,
xhw1.cn,66,43,46,50,46,51,49,57,53,34,
letnt7idr9.xyz,0,0,0,0,0,0,0,0,2,0,
sdkuma.com,0,959,15,15,14,5,950,1293,2376,1018,
qypw.top,5,4,1,3,1,1,0,1,2,8,
sytakad.cn,6,0,3,0,1,0,0,0,0,0,
wangweibing.com,138,185,110,116,115,127,105,87,155,166,
esastur.com,0,0,2,0,0,0,0,0,0,0,
empress886.com.cn,19,1,919,2,922,2,932,0,2,1135,
mashajihaha.top,0,0,0,1,0,0,0,0,0,3,
youxucoding.top,5,1,5,8,1,3,2,2,2,3,
firstaidb.top,3,2,1,2,2,1,1,1,3,2,
836919126.com,5,0,0,0,8,40,11,46,31,11,
web1236.top,7,5,0,7,2,2,1,2,0,3,
hnweishi.com,1,11,0,3,0,0,3,5,1,1,
honganonline.cn,2,0,1,2,1,24,0,3,0,1,
aemashf.cn,1,3,5,1,1,0,2,0,0,0,
zmserver.top,8,3,19,956,15,0,11,1,5,43,
shangnanseo.top,4,2,0,0,0,1,0,4,22,128,
xianhou88.com,2,1,0,0,4,1,1,1,2,1,
qoa.cn,8971,4197,3934,3341,4334,5541,2912,10677,11755,4177,
yjyt.net.cn,3,0,0,0,0,0,0,0,0,0,
sl-zhks.top,0,1,0,0,1,0,0,34,2,1,
gxebfxi.cn,0,0,0,1,0,2,0,0,0,0,
xn--w2x90pk6p.cn,88,24,0,2,0,2,6,2,3,2,
88sup.com,260,398,484,1391,416,384,2437,295,1277,2384,
nvodldk.cn,2,2,0,1,1,0,0,2,1,0,
fristblood.top,1,1,0,6,2,1,2,5,0,12,
haitaopai.cn,2,0,0,0,0,0,0,0,0,0,
hzthealth.com,25,9,12,7,21,29,21,2,4,11,
yypyq.cn,13,9,0,0,2,1,0,0,0,10,
xxweb.top,7,1,5,4,1,3,2,1,7,7,
wwzlxf.top,0,0,0,1,963,0,0,0,12,953,
vgbhynv.com,1,2,1,1,0,0,0,1,1,0,
haogugu.vip,0,3,1,2,0,1,1,1,1,3,
albuquerquecareerfairs.com,0,1,0,0,0,0,0,0,0,0,
shandongdingyi.cn,4,9,0,19,1,0,0,0,0,95,
qfy8.com,69,16,37,26,56,36,13,6,9,10,
szyc56.com,3,39,930,6,970,7,962,1317,1509,1026,
hhinternational.com.cn,12,3,4,4,1,4,3,7,2,5,
qzbarwx.cn,0,0,0,0,0,1,0,0,0,0,
88ymxd.top,0,0,1,5,0,0,1,0,3,1,
jjdhvpz.cn,2828,311,38,3,12,11,7,3,12,0,
jdvsbnt.cn,1,3,2,0,0,1,2,1,0,0,
tw920.com,23,881,18,21,15,18,965,34,27,16,
henchang.cn,0,0,0,0,0,0,0,0,0,0,
jtjklm.top,1,1,0,0,1,0,0,0,0,0,
hurstjeepster.com,19,23,8,18,10,7,7,11,11,20,
dlrm.com.cn,2,2,3,2,1,0,1,1,0,1,
xilai2017.cn,0,0,2,1,0,0,2,2,1,0,
m01.com.cn,2,2,0,1,0,0,0,0,2,0,
tuokeb2b.net,1,4,2,2,3,5,6,7,3,1,
dplejd.com,4,2,0,2,0,0,0,0,0,0,
pssb.top,0,0,2,2,1,0,0,1,3,1,
xtjlks.cn,9,0,0,0,2,0,2,1,0,1,
wztca.cn,9,11,0,3,19,0,32,0,0,0,
sxonekey.cn,1,1,1,0,1,0,0,0,1,1,
jink168.top,3,3,1,43,3,2,7,2,0,1,
xn--h6q36cd4we1j.cn,0,0,1,2,0,0,0,0,0,0,
cdjjcz.cn,6,5,1,3,6,0,1,0,3,1,
sangge.top,952,1647,873,235,603,597,70,36,35,25,
aliyun6969.cn,44,4,1,1,2,3,2,2,12,6,
caoxiantv.com,247,307,232,242,273,328,321,264,288,334,
weifangfojiao.com,1,3,2,2,1,1,0,1,0,1,
ximengnaikang.com,200,255,278,84,134,103,1179,214,156,142,
hpmen.com,0,0,0,0,0,1,0,0,1,0,
choiceautorepairs.com,1,1,1,0,1,0,0,1,1,0,
baidugww.com,36,88,12,9,23,14,22,19,13,19,
fwift.com,2,21,3,0,7,5,5,0,27,8,
disimju.cn,6,32,12,30,37,23,14,14,13,14,
mdoys.cn,2,2,0,5,3,0,0,4,5,6,
y8qf.com,129,95,35,4,8,32,29,2,10,4,
jhkj10.top,0,0,2,6,3,7,0,1,2,2,
fuxgj.cn,0,6,43,0,14,0,0,0,1,8,
ailvgoserver.com,3,1005,2,1,0,8,1075,1,0,0,
ep37.com,3,2,4,6,2,2,3,4,4,0,
haisheng-dl.com,9,4,18,11,16,14,25,33,25,0,
zwldmj.top,0,1,1,1,3,1,2,3,1,3,
qdakdp.cn,10,3,3,2,5,3,0,3,3,2,
gyhb666.com,13398,22729,14810,17879,11355,15266,16129,16261,19451,22552,
htuidc.com,200,481,1289,293,420,905,987,1518,2358,2663,
youhuangou.com,8,6,2,3,4,1,940,1326,1443,1029,
vensigpt.com,18,4,0,8197,8991,4162,1026,502,282,241,
tcfabu.cn,0,3,0,0,0,0,0,0,0,3,
buildtolast.cn,6,0,3,2,2,2,4,7,32,979,
yondoor.com,100,101,54,35,50,54,959,1322,1467,1974,
xmd88.cn,937,4,3,5,15,1,2,958,109,5,
luyitongxun.cn,1,0,0,3,0,0,5,0,3,1,
zhaishiwang.com.cn,158,197,38,937,10,2,21,8,18,19,
zjz616.com,19,7,7,2,10,6,14,11,7,18,
51sohu.com,15,6,5,7,3,5,3,15,13,7,
8645.com.cn,0,4,0,31,0,0,3,0,0,4,
pc9.com,8221,7980,5354,4363,6940,8391,9040,8196,9866,7352,
shangquan2021.cn,16,271,190,74,3,1,0,1,3,7,
hljykxsm.cn,5,2,0,1,0,0,1,20,5,0,
fkyun.com,63,67,50,37,24,21,956,232,997,245,
pywb.net,5,917,2,5,2,1,5,2,3,2,
y7o.cn,1,2,1,2,3,0,0,2,0,1,
shachuangxingcai.com,0,4,0,0,0,1,1,2,0,0,
52rou.cn,3,0,0,1,2,2,0,2,2,154,
nrfysmm.cn,0,0,0,0,0,6,0,1,1,3,
yuanlinshej.com,69,12,7,3,6,10,13,6,6,13,
teurl.cn,26,26,12,14,13,32,24,31,37,32,
cnugveq.cn,0,1,0,0,0,0,0,1,0,0,
wttewrc.cn,0,0,3,1,0,0,0,1,0,0,
aliaviation.com,6,0,0,0,0,1,0,0,0,0,
yutenghb.com,950,840,7,40,8,2,881,1340,2422,1003,
ifcxx.com,0,0,0,0,1,1,1,0,0,0,
xingdongi.com,0,1,1,0,0,0,0,0,3,0,
eonly.cn,0,3,1,24,1,1,0,0,0,1,
runbible.cn,8501,8686,9552,9791,9408,8883,9136,9503,9920,9787,
z12.cn,142,7,0,0,0,1,0,0,4,1,
zycsdhr.top,138,30,0,0,1,0,0,0,0,0,
t2t.org.cn,8,10,26,25,992,19,21,59,28,35,
liverpoolnewstoday.com,0,0,1,1,4,0,4,0,0,0,
dqgqb.net,66,47,915,3,15,978,8,17,6,11,
gthjsc.cn,1,0,3,3,0,0,0,0,4,0,
nltfvop.cn,1,5,1,3,0,0,0,0,1,0,
bonuojiaju.cn,2,2,0,10,0,3,0,0,4,3,
meituangeek.com,5,4,917,5,960,22,5,9,12,981,
kepandown.top,3,1,0,2,1,1,0,0,0,1,
zjhssc.cn,18,16,12,15,6,5,14,15,9,45,
qtizygf.com.cn,0,0,0,0,0,0,0,0,0,0,
bangwx.cn,1,0,1,0,1,4,0,0,0,0,
szmmd.cn,0,0,0,0,0,1,0,0,0,0,
liaokong.com,58,973,24,969,58,93,83,55,92,34,
senkekeji.cn,48,2,2,0,0,4,0,6,0,0,
aimek.cn,124,57,31,35,44,19,29,15,20,25,
bievotech.cn,10,0,8,2,3,25,1,1,3,3,
grapewall.cn,0,0,0,0,0,0,0,0,0,0,
gzqbc.cn,36,32,14,23,26,18,16,5,6,18,
hnjingzun.cn,503,89,71,146,29,102,9,16,9,33,
esscs.cn,146,902,6,6,15,7,23,5,5,1,
fjlngan.cn,16,0,0,1,0,1,0,1,0,1,
vamqses.cn,4,3,1,0,0,0,0,0,0,2,
frbg.cn,0,0,0,0,0,0,0,0,0,0,
guanshifuwu.com,1,0,0,0,0,0,0,3,2,0,
zemakeji.com,16,13,5,939,15,25,1840,1323,1422,1051,
cqqzj.net.cn,30,39,27,954,10,9,18,17,994,37,
uwwhunx.cn,0,0,0,0,0,0,0,0,0,0,
llzhuan.top,270,324,358,300,293,170,387,491,521,358,
qvq75z3.cn,1,3,2,0,3,1,2,1,2,0,
hzzunhuang.com,0,1,24,13,1,0,0,0,0,0,
cknhcgzxmv.cn,3,3,2,0,0,0,0,1,1,0,
dmhevuv.cn,0,0,0,0,0,1,0,2,0,0,
ksy.com,218,257,215,225,175,161,157,179,244,255,
wookeer.com,1,923,0,0,931,1,0,3,0,7,
lzxf.com.cn,19,50,63,28,46,29,28,49,83,38,
gurumenomori.com,0,0,0,0,1,0,0,0,0,0,
bxnszs.cn,0,0,0,0,0,0,0,0,0,0,
51kuaixue.cn,8,5,1,6,2,13,3,8,2,2,
shenpinpin.com,23,9,4,0,7,3,4,1,1,2,
paidui1.cn,4,2,7,28,1008,19,978,16,1,3,
bmhq.cn,0,0,1,2,0,1,0,0,0,0,
jleh.cn,6,23,9,10,2,8,5,7,4,6,
10host.cn,53,23,0,0,3,0,0,0,0,0,
playwater.com.cn,14,1,3,0,0,0,0,3,1,5,
tytxsj.cn,7,3,1,2,1,10,22,2,2,1,
bhsljt.cn,3,2,4,12,11,7,2,4,1,2,
cciccc.com,139,118,92,88,69,75,58,52,52,9,
xlxq66.com,2,9,3,5,2,2,2,11,7,6,
ideiadinheiro.com,1,1,0,0,0,0,0,0,0,0,
blenderkit.cn,10,11,5,4,5,23,13,2,2,0,
hxwszf.cn,0,0,0,0,0,0,0,5,0,0,
sufavalve.cn,19,949,6,958,37,20,1905,1395,1446,1003,
zion-cn.com,9,3,10,4,26,10,1,0,3,4,
inxin.com.cn,23,21,5,7,5,9,15,4,8,2,
gwmeeju.cn,2,8,1,0,1,1,0,0,0,1,
mhshwxb.cn,60,14,11,45,5,6,78,4,4,11,
helpinfo.net,296,425,193,197,125,176,121,76,102,55,
uosbox.cn,8824,9760,8581,8676,7557,8405,8161,8517,9930,8832,
shishanzhen.com,18,5,4,3,3,4,4,17,21,11,
cgsteels.cn,6,9,9,4,1,7,4,1,5,1,
msmzb.com,19,9,13,10,7,12,16,7,6,1,
utopiaecologica.com,1,2,0,1,1,0,0,1,2,0,
interhash.top,102,80,9,2,11,23,4,5,8,10,
fy-zm.cn,5,3,0,1,3,0,0,2,0,3,
yjlzhj.cn,1,0,4,3,0,0,0,1,0,1,
cscsw.cn,1,0,1,0,4,0,0,0,1,0,
hljyww.cn,0,0,0,0,0,0,0,0,0,0,
ycyxf.cn,8,13,14,11,14,18,10,11,9,15,
123jinchan.cn,9,32,20,28,15,941,18,19,15,21,
valovfw.cn,109,22,11,4,3,22,4,3,0,1,
ephnsgj.cn,3,4,1,3,1,3,5,0,0,1,
gmocso.cn,3,0,1,0,2,1,2,0,2,0,
aotjo.com,4,4,0,0,0,0,0,2,1,0,
dongfengru1.cn,0,0,0,0,0,2,0,0,0,0,
stcmoet.cn,11,9,16,10,19,14,25,33,30,2,
sxjtzl.com,17,29,9,17,26,15,27,925,245,21,
nyin.top,2,2,3,5,2,0,0,1,6,3,
hfgxkj.cn,944,905,0,1,6,1,960,3,4,18,
wztql.cn,0,0,0,0,0,2,0,0,0,0,
wglab.cn,0,0,0,1,0,1,0,0,0,0,
tantuwo.com,4,2,3,0,0,3,3,4,0,3,
kanglietie.com,24,19,30,29,36,37,34,36,30,27,
xxdntjx.com,2,2,10,13,5,947,1,1,1,10,
gkymljs.cn,3,2,0,0,0,2,2,0,0,0,
uvepvlx.cn,2,5,2,2,3,0,3,1,0,1,
123jl.cn,0,10,1,5,0,0,2,0,2,8,
sbw1688.com,26,31,12,17,19,14,3,3,0,7,
shenfux.top,5,0,8,2,0,10,3,15,4,14,
sdhxrs.cn,83,32,54,41,30,19,55,73,28,74,
54ca.top,24,30,42,40,55,59,26,37,76,32,
quzhouy.com,0,1,1,2,0,0,0,1,1,3,
qingshang888888.com.cn,0,0,0,0,0,1,0,0,0,0,
ljzwj.com,0,1,1,0,1,0,0,0,0,0,
liujunsh.cn,19,3,1,6,0,0,0,2,4,0,
yeyou.com,39586,42227,37044,34550,37675,46874,48873,43831,45460,38863,
zghuixin.com.cn,1070,6,2,4,0,1,1,3,24,5,
covilla.com,20,55,49,998,59,168,1312,1619,1540,1080,
ceo120.net,106,1044,69,1046,63,98,107,176,1062,81,
cstly.cn,754,280,91,69,19,2,7,26,11,2,
sapflvx.cn,8,6,1,3,2,3,1,0,0,1,
quanjingkj.com,3,8,19,17,7,0,3,4,1,2,
pingda56.cn,215,12,4,1,0,946,1,0,1,2,
90hbw.com,6,3,3,7,11,7,3,4,2,0,
mhhtzl.com,4,13,1,0,8,0,0,3,1,4,
2chuyou.cn,25,14,9,6,12,9,3,24,1,7,
gjp9.cn,3,9,1,2,0,6,5,1,2,0,
bc-4.com,63,39,10,12,9,25,9,17,13,7,
wlgnjd.com,5,1,5,3,1,5,2,1,3,8,
sdyudi.cn,8,44,65,58,11,975,14,1008,49,2,
chstar.com.cn,433,1333,220,1121,412,534,2996,2657,2424,1595,
xsjxc.com,4,5,5,5,4,5,943,2257,1855,1996,
baihuowang.com.cn,3,0,0,0,0,0,0,0,0,0,
avpt.cn,0,0,2,6,1,1,2,3,1,0,
sungdo.cc,10,7,13,3,3,10,3,3,3,5,
weldelite.cn,990,28,21,1,25,3,998,2288,1451,1039,
kdpost.top,0,1,0,0,1,0,1,1,2,1,
1rbrb9.cn,2,0,2,1,0,3,4,4,10,0,
fengzhiconsulting.com.cn,7,1,0,2,1,1,0,0,0,17,
jspyhb.com,0,20,1,5,6,5,5,16,3,5,
577ka.cn,5,0,1,10,0,1,2,7,8,8,
xttjnk.com,1,1003,1,982,0,1,1,2,21,1,
jinkangzheng.com,0,2,0,3,0,1,0,0,1,1,
bztchlkj.cn,4,1,1,2,3,1,1,1,3,3,
xn--rhty0to3g5o0byep.cn,1,3,2,0,0,0,1,0,0,0,
okacomco.com,2,0,0,1,0,0,0,0,6,2,
v36hu2v.cn,3,2,0,0,0,0,0,2,1,1,
scslk.com,10,16,56,59,47,50,48,34,64,48,
qsigdyr.cn,0,6,2,0,1,0,0,0,0,0,
ghcj.com.cn,19,65,40,51,28,35,39,38,33,41,
brelly.com.cn,182,67,28,42,31,39,16,12,15,67,
ppyt.cn,10,9,8,5,17,57,15,19,15,3,
thevoidacademy.com,2,0,0,0,0,0,0,0,0,0,
ncxyb.com,74,21,12,11,10,17,10,15,12,6,
xmanna.cn,15,3,2,0,7,13,6,0,1,0,
lfx668.com,9,23,6,983,7,1147,54,471,1873,247,
chenjiagou.top,0,0,4,0,0,0,0,0,1,0,
oiuknll.cn,3,6,0,0,0,0,0,4,0,0,
skx19980524.top,1,0,1,1,1,1,1,1,3,2,
jnoyzia.cn,41,685,310,118,17,31,16,15,7,9,
moropower.com,1,1,1,2,3,4,0,0,2,0,
caoqian.top,42,3,1,0,0,1,4,1,0,1,
lshcc.com,10,11,2,2,4,0,0,2,2,3,
yxgvojq.cn,39,10,10,2,1,4,2,4,1,2,
qhtongda.cn,6,19,3,3,8,10,61,3,35,25,
92055.cn,0,1,0,0,1,0,0,2,1,1,
qingjianb.cn,5,23,11,214,24,7,1,0,0,15,
ttxgy.top,1,0,0,1,0,0,1,0,1,1,
srnet.com.cn,2,5,0,955,6,954,18,5,3,26,
glkaiyuan.com.cn,0,0,0,3,0,2,1,0,0,0,
tmvppwl.cn,22,5,18,4,1,1,5,43,2,1,
edison666.top,32,10,4,1,1,1,0,4,10,0,
fneptft.cn,5,5,13,4,4,0,3,2,2,0,
lcnclqy.cn,0,0,0,0,0,0,0,0,0,0,
bbdwr.com,375,2214,2694,3822,3030,3949,4366,3421,4502,6262,
hoyu1832.com,0,1,1,1,1,0,0,1,0,0,
dengyubo.top,6,0,0,0,0,0,1,0,0,1,
pay722.com,0,3,10,6,3,4,2,3,2,3,
fisnake.cc,0,0,2,1,1,1,4,0,1,0,
007v.cn,0,5,5,1,1,0,2,0,0,0,
monluxe.cn,5,0,8,5,1,2,953,84,18,9,
cutbqse.cn,4,9,0,1,0,0,1,0,0,0,
lernachowinner.com,7,8,16,12,2,16,10,8,10,45,
kmbtva.cn,1,0,0,0,0,0,0,0,0,0,
cuixiaodong.cn,5,13,3,25,52,7,9,0,1,2,
edsajfl.cn,0,7,3,3,3,0,2,2,0,0,
longyidao.top,6,15,0,1,0,1,0,0,19,1,
haiganghld.com,1,0,0,0,0,0,0,0,0,0,
paintcreekproperty.com,1,5,0,0,0,0,0,0,0,0,
aixinyudz.com,8,17,16,1,1,10,2,0,0,1,
cdtceram.com.cn,0,6,1,11,9,8,5,4,2,4,
jobonhouse.com,0,2,17,19,4,3,0,1,2,0,
xn--xhqr21n.net,0,0,1,2,0,0,2,1,0,0,
wanhezhiyao.cn,0,5,0,0,0,2,3,0,0,2,
gmail2.cn,2,3,2,2,1,4,0,0,2,8,
wkkczxy.cn,8,3,3,3,2,1,1,1,0,3,
zzsaisite.cn,0,0,1,0,0,0,0,0,0,0,
itranz.cn,281,78,31,33,51,39,25,18,2,12,
diyiyuesao.cn,517,62,7,10,2,0,0,0,0,171,
