 ,20230601,20230602,20230603,20230604,20230605,20230606,20230607,20230608,20230609,20230610
aynzzj.com,1,1,1,0,1,1,0,1,0,2
californiasunshinebaby.com,3,1,0,939,0,0,0,0,2,1
fanhaishuzhi.com,0,1,2,0,3,0,1,1,24,2
hrbxd.top,1,0,0,0,0,947,1,0,1,2
kangzhongyigong.cn,1,0,931,1,1,0,1,1,9,2
meijabao.cn,11,0,4,973,5,1,940,265,1913,272
otryinfo.com,1,0,933,0,2,2,2,2,0,0
wangadou.top,3,0,1,0,0,0,0,0,1,2
ym56.cn,10,7,2,0,2,4,3,952,4,3
zgmsdwt.cn,1,907,3,2,3,3,968,1,1,2
ben-architects.com,1,0,901,0,1,0,5,2,2,2
dxjskj.com,0,0,0,2,1,0,0,1,2,1
fjhnyb.cn,0,0,1,0,1,0,0,2,0,941
ibaritz.com,0,0,0,1,0,0,0,0,1,0
kindun.cn,6,0,1,0,3,3,4,0,8,65
mgjbshengri.cn,1,2,0,0,0,0,0,1,974,16
pxsy.org.cn,1,922,0,1,0,4,1,3,4,1
xuanyao.sh.cn,0,3,4,955,4,4,978,7,15,5
yssyyey.cn,5,4,2,967,8,966,961,6,991,1
zjgjbjx.com,0,1,1,0,1,0,0,1,1,0
bult99.com,935,0,1,1,929,4,3,4,2,3
dylansillage.cn,0,8,5,4,0,6,4,22,8,5
flyfz.top,0,0,0,4,0,1000,1001,0,1,3
juanletao.top,0,0,2,0,0,0,0,0,563,938
lifestlye-us.com,0,0,0,0,0,0,0,0,0,0
ncwlkq.cn,928,921,2,2,5,976,950,501,1937,882
rxxlsc.cn,0,0,921,3,1,3,7,0,0,908
ykh6.com,4,931,0,0,0,2,0,12,950,3
yxzqtfa.com,0,0,0,0,0,12,0,0,0,0
zzeaststar.com,0,1,1,1,1,1,1,938,1,960
 ,2023年6月1日,2023年6月2日,2023年6月3日,2023年6月4日,2023年6月5日,2023年6月6日,2023年6月7日,2023年6月8日,2023年6月9日,2023年6月10日
271692.com,967,5,949,6,5,12,7,5,12,1464
cdfcqy.cn,976,0,0,0,9,2,42,1,1,62
gdysry.cn,9,5,7,2,4,10,3,14,16,2
jingrenhe.com,18,24,20,22,20,13,19,21,20,29
papier-peint-jungle.com.shzmyq.com,0,953,0,2,10,0,20,5,9,130
tydld.com,2,7,6,4,958,9,967,355,947,947
xazxrl.com,0,0,0,1,0,1,941,0,0,4
888door.cn,0,1,0,0,2,2,15,4,976,1
chendamuye.com,3,0,0,0,2,2,0,1,15,13
gemgpt.org,2,0,0,0,0,0,0,0,0,0
jjkp.cn,0,55,2,1,2,2,0,2,0,1
petsnohomeless.com,0,0,0,0,0,0,0,0,0,1
sicstech.cn,0,0,0,0,7,3,523,3,986,903
vatlytrilieutainhathientam.com,0,0,0,0,0,0,0,0,0,1
yanzhaoban.cn,1,1,0,0,971,8,2,4,2,2
98wcy.cn,1,0,1,940,6,4,15,4,973,1
cracklogs.com,0,0,0,0,1,0,0,0,0,0
golazadabuyx.com,0,0,0,0,0,0,0,0,0,0
jx2580.com,248,25,8,5,6,11,9,0,0,28
phpanalytic.com,0,0,0,0,0,0,0,0,0,0
sunglassess.top,0,0,0,0,0,0,0,0,1,0
vip-car.com.cn,0,1,3,1,0,974,5,5,15,4
yoqu.fun,3,9,0,5,97,0,1,0,3,414
ahdyjb.xyz,0,0,1,0,0,0,0,0,1,1
csworldlet.top,0,0,1,0,0,0,0,0,0,0
gztzcxs.com,2,3,2,2,0,3,0,0,2,1
kingstar-light.com,2,993,0,3,2,8,943,2,651,3
qinuo2013.cn,0,1,0,0,0,0,0,0,0,1
tedc.org.cn,981,2,955,0,950,2,0,952,334,1
virider.com,0,0,0,0,0,0,0,0,0,0
yuea981008.cn,0,1,0,1,1,2,12,4,3,2
am-music.fr,0,0,0,0,0,0,0,0,0,0
dgytjh.com,1,2,0,0,0,0,2,3,0,2
haydentradingcompany.com,0,185,0,0,0,0,1,0,0,0
leannie.cn,0,1,0,1,0,0,1,4,3,0
sanbaishou.com,0,0,2,0,0,0,53,0,0,0
thanhfarm.com,2,0,0,1,0,0,0,0,0,0
voldado.com,0,0,0,0,0,0,0,0,0,0
yykw.cn,44,0,4,1,4,0,4,1,1,0
anhuiskj.com,2,11,2,0,38,0,8,3,55,960
escobar2.com,0,0,0,0,0,0,0,0,0,0
hbbjcy.com,0,0,0,2,0,0,0,3,2,0
lemirellc.com,2,0,1,31,0,0,4,1,0,0
sdsssw.cn,0,0,0,0,20,0,0,1,976,0
tlyzyhxt.cn,0,930,0,953,0,1,10,52,8,1
volidshop.ru,0,0,0,0,0,0,0,0,0,0
zikao001.cn,3,1,4,0,1,2,2,3,2,0
bedahminat.com,0,0,0,0,0,0,0,0,0,0
fengooo.com,0,1,0,957,8,8,8,11,973,8
hcdesdeccd.cn,1,2,3,0,6,3,971,7,984,2
lijifeng.cn,2,931,0,3,2,941,12,1,960,0
shopmultimart.com,0,0,0,0,0,0,0,0,1,0
tmww.cn,0,0,44,0,2,0,0,2,0,0
wealthmosesministries.org,0,0,0,1,0,0,0,0,0,2
zjswjx.cn,8,9,16,100,1070,1006,25,23,12,11
bj-wxxc.com,0,0,0,2,0,12,29,45,1075,14
ffzxwz13.cn,3,1,1,2,3,3,963,11,978,2
igoodlife.cn,1,1,2,0,0,0,967,2,0,0
lycxhbsb.com,951,5,5,3,0,964,6,974,545,7
shunyicardiology.cn,1,0,3,0,0,4,5,3,4,3
traztech.ca,0,0,0,0,0,0,0,0,0,0
weciimaa.online,3,344,0,0,0,2,2,0,0,0
zxuekai.com,20,928,8,928,3,969,7,7,2,121
bjyjch.cn,6,2,0,1,4,5,947,343,9,4
fhjh.cn,1,0,0,0,1,0,0,0,0,0
j120-2.cn,0,913,0,0,4,4,3,65,10,3
oedda.com,2,0,0,0,0,1,0,1,1,0
shzhqbhshls.com,1,1,0,0,0,8,4,6,975,0
trippindaizy.store,0,0,0,0,0,0,0,0,0,0
xayh56.cn,0,928,0,952,3,2,9,4,977,1
